ID,派發機關數量,派發機關
100640,1,金融監督管理委員會
100556,1,經濟部
100510,1,勞動部
100508,1,行政院主計總處
100507,1,法務部
100506,1,衛生福利部
100505,1,衛生福利部
100008,1,金融監督管理委員會
99745,1,內政部
99715,1,教育部
99714,1,財政部
99587,1,外交部
99506,1,高雄市政府
99242,1,財政部
99154,1,外交部
99153,1,行政院主計總處
99103,1,桃園市政府
98833,1,新北市政府
98805,1,國家發展委員會
98682,1,交通部
98611,41,行政院,內政部,外交部,國防部,教育部,法務部,經濟部,交通部,僑務委員會,國軍退除役官兵輔導委員會,行政院原子能委員會,科技部,行政院農業委員會,勞動部,行政院環境保護署,大陸委員會,原住民族委員會,金融監督管理委員會,國家通訊傳播委員會,衛生福利部,文化部,臺南市政府,高雄市政府,臺東縣政府,嘉義市政府,屏東縣政府,南投縣政府,花蓮縣政府,澎湖縣政府,嘉義縣政府,金門縣政府,苗栗縣政府,雲林縣政府,桃園市政府,宜蘭縣政府,新北市政府,連江縣政府,臺中市政府,新竹縣政府,新竹市政府,臺北市政府
98496,1,本平臺營運窗口
98399,1,內政部
97944,1,金融監督管理委員會
97831,1,衛生福利部
97545,1,法務部
97536,1,交通部
97475,1,財政部
97326,1,交通部
97325,1,交通部
97309,1,交通部
97017,1,交通部
97016,1,交通部
96819,1,交通部
96818,1,內政部
96804,1,臺中市政府
96750,1,行政院環境保護署
96729,1,交通部
96727,1,交通部
96658,22,臺南市政府,高雄市政府,臺東縣政府,嘉義市政府,基隆市政府,屏東縣政府,南投縣政府,花蓮縣政府,澎湖縣政府,嘉義縣政府,金門縣政府,苗栗縣政府,雲林縣政府,桃園市政府,彰化縣政府,宜蘭縣政府,新北市政府,連江縣政府,臺中市政府,新竹縣政府,新竹市政府,臺北市政府
96593,1,行政院農業委員會
96583,23,交通部,臺南市政府,高雄市政府,臺東縣政府,嘉義市政府,基隆市政府,屏東縣政府,南投縣政府,花蓮縣政府,澎湖縣政府,嘉義縣政府,金門縣政府,苗栗縣政府,雲林縣政府,桃園市政府,彰化縣政府,宜蘭縣政府,新北市政府,連江縣政府,臺中市政府,新竹縣政府,新竹市政府,臺北市政府
96456,22,交通部,臺南市政府,高雄市政府,臺東縣政府,嘉義市政府,屏東縣政府,南投縣政府,花蓮縣政府,澎湖縣政府,嘉義縣政府,金門縣政府,苗栗縣政府,雲林縣政府,桃園市政府,彰化縣政府,宜蘭縣政府,新北市政府,連江縣政府,臺中市政府,新竹縣政府,新竹市政府,臺北市政府
96404,1,勞動部
96327,1,台灣電力股份有限公司
96317,1,經濟部
96208,1,臺北市政府
96165,1,交通部
96097,1,交通部
96036,1,內政部
95991,1,內政部
95959,1,內政部
95878,22,交通部,臺南市政府,高雄市政府,臺東縣政府,嘉義市政府,屏東縣政府,南投縣政府,花蓮縣政府,澎湖縣政府,嘉義縣政府,金門縣政府,苗栗縣政府,雲林縣政府,桃園市政府,彰化縣政府,宜蘭縣政府,新北市政府,連江縣政府,臺中市政府,新竹縣政府,新竹市政府,臺北市政府
95850,1,衛生福利部
95809,1,內政部
95764,1,經濟部
95753,1,衛生福利部
95668,1,司法院
95118,1,行政院農業委員會
95115,1,行政院農業委員會
95000,1,外交部
94946,1,內政部
94934,3,內政部,法務部,司法院
94741,1,彰化縣政府
94628,1,交通部
94521,1,本平臺營運窗口
94131,1,衛生福利部
93975,1,內政部
93919,1,司法院
93917,1,法務部
93751,1,衛生福利部
93230,52,行政院,內政部,外交部,國防部,教育部,法務部,經濟部,交通部,僑務委員會,國軍退除役官兵輔導委員會,國立故宮博物院,行政院原子能委員會,科技部,中央銀行,中央選舉委員會,勞動部,行政院環境保護署,大陸委員會,公平交易委員會,行政院公共工程委員會,原住民族委員會,臺灣省諮議會,金融監督管理委員會,國家通訊傳播委員會,衛生福利部,文化部,行政院人事行政總處,臺南市政府,臺東縣政府,嘉義市政府,屏東縣政府,南投縣政府,花蓮縣政府,澎湖縣政府,監察院,司法院,立法院,銓敘部,考選部,嘉義縣政府,金門縣政府,苗栗縣政府,雲林縣政府,桃園市政府,彰化縣政府,宜蘭縣政府,新北市政府,連江縣政府,臺中市政府,新竹市政府,臺北市政府,海洋委員會
92392,1,臺中市政府
92129,1,國家發展委員會
92128,1,行政院
91850,1,衛生福利部
91775,21,臺南市政府,高雄市政府,臺東縣政府,嘉義市政府,屏東縣政府,南投縣政府,花蓮縣政府,澎湖縣政府,嘉義縣政府,金門縣政府,苗栗縣政府,雲林縣政府,桃園市政府,彰化縣政府,宜蘭縣政府,新北市政府,連江縣政府,臺中市政府,新竹縣政府,新竹市政府,臺北市政府
91768,1,教育部
91623,1,財政部
91468,1,交通部
90960,1,內政部
90796,1,財政部
90569,1,教育部
89997,27,行政院,內政部,國防部,教育部,法務部,經濟部,交通部,僑務委員會,國軍退除役官兵輔導委員會,國立故宮博物院,行政院原子能委員會,國家發展委員會,行政院農業委員會,中央選舉委員會,勞動部,大陸委員會,公平交易委員會,行政院公共工程委員會,原住民族委員會,臺灣省諮議會,客家委員會,國家通訊傳播委員會,衛生福利部,文化部,行政院主計總處,行政院人事行政總處,海洋委員會
89941,1,交通部
89924,1,交通部
89921,1,臺北市政府
89910,1,桃園市政府
89898,1,交通部
89895,1,內政部
89835,1,經濟部
89715,1,國家發展委員會
89466,1,教育部
89268,1,行政院環境保護署
88841,1,行政院公共工程委員會
88658,1,金融監督管理委員會
88527,1,內政部
88086,1,內政部
88058,1,交通部
88057,1,交通部
87990,1,財政部
87877,1,外交部
87474,1,內政部
87329,1,國家發展委員會
87288,1,金融監督管理委員會
86935,1,衛生福利部
86795,1,本平臺營運窗口
86168,1,內政部
86118,1,教育部
86086,22,臺南市政府,臺東縣政府,嘉義市政府,基隆市政府,屏東縣政府,南投縣政府,花蓮縣政府,澎湖縣政府,嘉義縣政府,金門縣政府,苗栗縣政府,雲林縣政府,桃園市政府,彰化縣政府,宜蘭縣政府,新北市政府,連江縣政府,臺中市政府,新竹縣政府,新竹市政府,臺北市政府,經濟部
85987,1,財政部
85979,1,內政部
85978,1,內政部
85977,1,內政部
85975,1,內政部
85809,1,內政部
85808,1,內政部
85806,1,內政部
85805,1,內政部
85803,1,內政部
85801,1,內政部
85548,22,臺南市政府,高雄市政府,臺東縣政府,嘉義市政府,基隆市政府,屏東縣政府,南投縣政府,花蓮縣政府,澎湖縣政府,嘉義縣政府,金門縣政府,苗栗縣政府,雲林縣政府,桃園市政府,彰化縣政府,宜蘭縣政府,新北市政府,連江縣政府,臺中市政府,新竹縣政府,新竹市政府,臺北市政府
85538,1,監察院
85476,1,桃園市政府
85448,22,臺南市政府,高雄市政府,臺東縣政府,嘉義市政府,基隆市政府,屏東縣政府,南投縣政府,花蓮縣政府,澎湖縣政府,嘉義縣政府,金門縣政府,苗栗縣政府,雲林縣政府,桃園市政府,彰化縣政府,宜蘭縣政府,新北市政府,連江縣政府,臺中市政府,新竹縣政府,新竹市政府,臺北市政府
85402,1,新北市政府
85399,1,新北市政府
85351,22,臺南市政府,高雄市政府,臺東縣政府,嘉義市政府,基隆市政府,屏東縣政府,南投縣政府,花蓮縣政府,澎湖縣政府,嘉義縣政府,金門縣政府,苗栗縣政府,雲林縣政府,桃園市政府,彰化縣政府,宜蘭縣政府,新北市政府,連江縣政府,臺中市政府,新竹縣政府,新竹市政府,臺北市政府
85350,20,臺南市政府,臺東縣政府,嘉義市政府,基隆市政府,屏東縣政府,南投縣政府,花蓮縣政府,澎湖縣政府,嘉義縣政府,金門縣政府,苗栗縣政府,雲林縣政府,桃園市政府,彰化縣政府,宜蘭縣政府,新北市政府,連江縣政府,臺中市政府,臺北市政府,中央選舉委員會
85313,1,內政部
85312,1,內政部
85269,21,臺南市政府,高雄市政府,臺東縣政府,嘉義市政府,基隆市政府,屏東縣政府,南投縣政府,花蓮縣政府,澎湖縣政府,嘉義縣政府,金門縣政府,苗栗縣政府,雲林縣政府,桃園市政府,彰化縣政府,宜蘭縣政府,新北市政府,連江縣政府,臺中市政府,新竹縣政府,臺北市政府
85209,1,經濟部
85159,1,內政部
85158,1,內政部
85156,1,內政部
85148,1,臺北市政府
85135,1,行政院農業委員會
85072,1,經濟部
83740,1,內政部
83475,21,臺南市政府,高雄市政府,臺東縣政府,嘉義市政府,基隆市政府,屏東縣政府,南投縣政府,花蓮縣政府,澎湖縣政府,嘉義縣政府,金門縣政府,苗栗縣政府,雲林縣政府,桃園市政府,彰化縣政府,宜蘭縣政府,連江縣政府,臺中市政府,新竹縣政府,新竹市政府,臺北市政府
83406,1,內政部
83405,1,內政部
83403,1,內政部
83402,1,內政部
83375,1,臺南市政府
81910,1,內政部
81907,1,內政部
81638,1,台灣電力股份有限公司
81606,1,金融監督管理委員會
81404,1,內政部
81358,1,內政部
81235,1,行政院環境保護署
81229,1,內政部
81227,1,內政部
81225,22,臺南市政府,高雄市政府,臺東縣政府,嘉義市政府,基隆市政府,屏東縣政府,南投縣政府,花蓮縣政府,澎湖縣政府,嘉義縣政府,金門縣政府,苗栗縣政府,雲林縣政府,桃園市政府,彰化縣政府,宜蘭縣政府,新北市政府,連江縣政府,臺中市政府,新竹縣政府,新竹市政府,臺北市政府
81223,1,內政部
81219,1,內政部
81214,1,內政部
81166,1,內政部
81165,1,內政部
81155,1,內政部
81134,1,交通部
81028,1,新北市政府
81027,1,內政部
80961,1,台灣電力股份有限公司
80958,1,內政部
80957,1,內政部
80956,2,內政部,臺北市政府
80955,1,內政部
80821,1,內政部
80818,1,內政部
80813,23,內政部,臺南市政府,高雄市政府,臺東縣政府,嘉義市政府,基隆市政府,屏東縣政府,南投縣政府,花蓮縣政府,澎湖縣政府,嘉義縣政府,金門縣政府,苗栗縣政府,雲林縣政府,桃園市政府,彰化縣政府,宜蘭縣政府,新北市政府,連江縣政府,臺中市政府,新竹縣政府,新竹市政府,臺北市政府
80812,1,內政部
80811,1,內政部
80810,1,行政院主計總處
80783,1,內政部
80782,1,內政部
80778,1,交通部
80775,1,勞動部
80774,1,內政部
80564,1,內政部
80463,21,臺南市政府,高雄市政府,臺東縣政府,嘉義市政府,屏東縣政府,南投縣政府,花蓮縣政府,澎湖縣政府,嘉義縣政府,金門縣政府,苗栗縣政府,雲林縣政府,桃園市政府,彰化縣政府,宜蘭縣政府,新北市政府,連江縣政府,臺中市政府,新竹縣政府,新竹市政府,臺北市政府
80435,1,交通部
80424,21,臺南市政府,高雄市政府,臺東縣政府,嘉義市政府,屏東縣政府,南投縣政府,花蓮縣政府,澎湖縣政府,嘉義縣政府,金門縣政府,苗栗縣政府,雲林縣政府,桃園市政府,彰化縣政府,宜蘭縣政府,新北市政府,連江縣政府,臺中市政府,新竹縣政府,新竹市政府,臺北市政府
80423,21,臺南市政府,高雄市政府,臺東縣政府,嘉義市政府,屏東縣政府,南投縣政府,花蓮縣政府,澎湖縣政府,嘉義縣政府,金門縣政府,苗栗縣政府,雲林縣政府,桃園市政府,彰化縣政府,宜蘭縣政府,新北市政府,連江縣政府,臺中市政府,新竹縣政府,新竹市政府,臺北市政府
80257,1,經濟部
79450,1,經濟部
79415,22,內政部,臺南市政府,高雄市政府,臺東縣政府,嘉義市政府,屏東縣政府,南投縣政府,花蓮縣政府,澎湖縣政府,嘉義縣政府,金門縣政府,苗栗縣政府,雲林縣政府,桃園市政府,彰化縣政府,宜蘭縣政府,新北市政府,連江縣政府,臺中市政府,新竹縣政府,新竹市政府,臺北市政府
79281,1,交通部
79192,1,勞動部
79088,1,本平臺營運窗口
79060,1,衛生福利部
78904,1,交通部
78863,1,衛生福利部
78859,1,衛生福利部
78839,1,高雄市政府
78838,1,教育部
78758,1,教育部
78757,1,教育部
78756,1,行政院農業委員會
78755,1,內政部
78752,1,經濟部
78712,1,教育部
78666,1,交通部
78565,20,臺南市政府,高雄市政府,臺東縣政府,嘉義市政府,屏東縣政府,南投縣政府,花蓮縣政府,澎湖縣政府,嘉義縣政府,金門縣政府,苗栗縣政府,雲林縣政府,桃園市政府,彰化縣政府,宜蘭縣政府,新北市政府,連江縣政府,臺中市政府,新竹縣政府,新竹市政府
78498,1,經濟部
78447,1,內政部
78314,1,財政部
78199,1,金融監督管理委員會
78092,2,內政部,法務部
78078,1,內政部
77984,1,衛生福利部
77929,1,交通部
77915,1,內政部
76977,1,臺北市政府
76952,1,本平臺營運窗口
76939,1,內政部
76692,1,國家通訊傳播委員會
76463,1,財政部
76261,1,行政院環境保護署
76193,1,經濟部
75848,1,國家發展委員會
75481,1,教育部
75479,13,臺南市政府,臺東縣政府,嘉義市政府,基隆市政府,屏東縣政府,花蓮縣政府,澎湖縣政府,苗栗縣政府,雲林縣政府,彰化縣政府,宜蘭縣政府,臺中市政府,臺北市政府
75434,1,交通部
75423,1,交通部
75374,1,財政部
75277,1,國家發展委員會
75189,1,國家發展委員會
75119,1,教育部
75118,1,經濟部
75030,1,財政部
74933,1,經濟部
74350,14,臺南市政府,臺東縣政府,嘉義市政府,基隆市政府,屏東縣政府,花蓮縣政府,澎湖縣政府,苗栗縣政府,雲林縣政府,桃園市政府,彰化縣政府,宜蘭縣政府,臺中市政府,臺北市政府
73403,1,交通部
73165,1,本平臺營運窗口
72990,1,金融監督管理委員會
72025,1,金融監督管理委員會
71336,1,教育部
70999,1,經濟部
70659,1,勞動部
70658,1,勞動部
70562,1,國防部
68598,1,臺南市政府
67367,1,財政部
66231,1,勞動部
65541,1,行政院農業委員會
63295,1,國防部
63024,1,行政院農業委員會
62999,14,臺南市政府,臺東縣政府,嘉義市政府,基隆市政府,屏東縣政府,花蓮縣政府,澎湖縣政府,苗栗縣政府,雲林縣政府,桃園市政府,彰化縣政府,宜蘭縣政府,臺中市政府,臺北市政府
62814,1,臺北市政府
62741,1,臺北市政府
62738,1,內政部
62541,1,財政部
61084,1,行政院農業委員會
61078,1,經濟部
61021,1,外交部
59992,1,行政院農業委員會
59988,1,行政院農業委員會
59983,1,行政院農業委員會
59975,1,經濟部
59971,1,經濟部
59969,1,行政院農業委員會
59956,1,行政院農業委員會
59955,1,行政院農業委員會
59953,1,行政院農業委員會
59952,1,行政院農業委員會
59858,14,臺南市政府,臺東縣政府,嘉義市政府,基隆市政府,屏東縣政府,花蓮縣政府,澎湖縣政府,苗栗縣政府,雲林縣政府,桃園市政府,彰化縣政府,宜蘭縣政府,臺中市政府,臺北市政府
59854,14,臺南市政府,臺東縣政府,嘉義市政府,基隆市政府,屏東縣政府,花蓮縣政府,澎湖縣政府,苗栗縣政府,雲林縣政府,桃園市政府,彰化縣政府,宜蘭縣政府,臺中市政府,臺北市政府
59853,1,交通部
59852,14,臺南市政府,臺東縣政府,嘉義市政府,基隆市政府,屏東縣政府,花蓮縣政府,澎湖縣政府,苗栗縣政府,雲林縣政府,桃園市政府,彰化縣政府,宜蘭縣政府,臺中市政府,臺北市政府
59851,1,經濟部
59850,1,交通部
59848,1,交通部
59847,14,臺南市政府,臺東縣政府,嘉義市政府,基隆市政府,屏東縣政府,花蓮縣政府,澎湖縣政府,苗栗縣政府,雲林縣政府,桃園市政府,彰化縣政府,宜蘭縣政府,臺中市政府,臺北市政府
59845,1,交通部
59844,1,交通部
59687,1,臺北市政府
59626,1,勞動部
59539,1,桃園市政府
59260,1,臺中市政府
59039,1,交通部
59038,1,交通部
59037,1,交通部
59036,14,臺南市政府,臺東縣政府,嘉義市政府,基隆市政府,屏東縣政府,花蓮縣政府,澎湖縣政府,苗栗縣政府,雲林縣政府,桃園市政府,彰化縣政府,宜蘭縣政府,臺中市政府,臺北市政府
59035,14,臺南市政府,臺東縣政府,嘉義市政府,基隆市政府,屏東縣政府,花蓮縣政府,澎湖縣政府,苗栗縣政府,雲林縣政府,桃園市政府,彰化縣政府,宜蘭縣政府,臺中市政府,臺北市政府
59034,14,臺南市政府,臺東縣政府,嘉義市政府,基隆市政府,屏東縣政府,花蓮縣政府,澎湖縣政府,苗栗縣政府,雲林縣政府,桃園市政府,彰化縣政府,宜蘭縣政府,臺中市政府,臺北市政府
59033,1,衛生福利部
59032,1,教育部
59031,14,臺南市政府,臺東縣政府,嘉義市政府,基隆市政府,屏東縣政府,花蓮縣政府,澎湖縣政府,苗栗縣政府,雲林縣政府,桃園市政府,彰化縣政府,宜蘭縣政府,臺中市政府,臺北市政府
59013,1,臺北市政府
58915,1,財政部
58647,1,內政部
58601,1,臺中市政府
58246,1,臺北市政府
58060,1,衛生福利部
58006,1,經濟部
57899,1,財政部
57813,1,交通部
57789,1,行政院環境保護署
57711,1,衛生福利部
57705,1,教育部
57704,14,臺南市政府,臺東縣政府,嘉義市政府,基隆市政府,屏東縣政府,花蓮縣政府,澎湖縣政府,苗栗縣政府,雲林縣政府,桃園市政府,彰化縣政府,宜蘭縣政府,臺中市政府,臺北市政府
57703,14,臺南市政府,臺東縣政府,嘉義市政府,基隆市政府,屏東縣政府,花蓮縣政府,澎湖縣政府,苗栗縣政府,雲林縣政府,桃園市政府,彰化縣政府,宜蘭縣政府,臺中市政府,臺北市政府
57701,1,交通部
57699,14,臺南市政府,臺東縣政府,嘉義市政府,基隆市政府,屏東縣政府,花蓮縣政府,澎湖縣政府,苗栗縣政府,雲林縣政府,桃園市政府,彰化縣政府,宜蘭縣政府,臺中市政府,臺北市政府
57037,1,經濟部
56891,1,外交部
56416,1,經濟部
56274,1,行政院農業委員會
55954,1,金融監督管理委員會
55659,1,司法院
55606,14,臺南市政府,臺東縣政府,嘉義市政府,基隆市政府,屏東縣政府,花蓮縣政府,澎湖縣政府,苗栗縣政府,雲林縣政府,桃園市政府,彰化縣政府,宜蘭縣政府,臺中市政府,臺北市政府
55563,1,交通部
55389,1,台灣電力股份有限公司
55284,1,經濟部
55199,1,本平臺營運窗口
55087,1,教育部
54890,1,金融監督管理委員會
54808,1,本平臺營運窗口
54580,1,臺北市政府
54410,1,國防部
54336,1,衛生福利部
54335,1,桃園市政府
54321,1,行政院環境保護署
54266,1,臺南市政府
54216,1,本平臺營運窗口
54055,1,臺北市政府
53863,1,金融監督管理委員會
53026,1,行政院主計總處
52602,1,衛生福利部
52595,1,嘉義市政府
52593,1,嘉義市政府
52589,1,嘉義市政府
52567,1,本平臺營運窗口
52291,1,本平臺營運窗口
52289,1,內政部
52266,1,行政院農業委員會
52265,1,台灣電力股份有限公司
51900,1,行政院農業委員會
51898,1,台灣電力股份有限公司
51845,1,科技部
49924,1,金融監督管理委員會
49919,1,行政院農業委員會
49862,1,原住民族委員會
49856,1,內政部
49854,1,行政院農業委員會
49822,1,經濟部
49802,2,台灣電力股份有限公司,經濟部
49800,1,臺北市政府
49710,1,交通部
49683,1,臺北市政府
49478,1,臺北市政府
49456,1,交通部
49449,1,本平臺營運窗口
49326,1,經濟部
49318,1,行政院環境保護署
49220,1,衛生福利部
49078,1,內政部
49020,1,內政部
48953,1,科技部
48951,1,經濟部
48851,1,台灣電力股份有限公司
48848,1,台灣電力股份有限公司
48515,1,行政院農業委員會
48507,1,教育部
48493,1,內政部
48427,1,內政部
48378,1,台灣電力股份有限公司
48300,1,交通部
47999,1,經濟部能源局
47916,1,勞動部
47774,1,本平臺營運窗口
47773,1,本平臺營運窗口
47772,1,本平臺營運窗口
47770,1,本平臺營運窗口
47769,1,本平臺營運窗口
47768,1,本平臺營運窗口
47767,1,本平臺營運窗口
47766,1,本平臺營運窗口
47765,1,本平臺營運窗口
47764,1,本平臺營運窗口
47763,1,本平臺營運窗口
47762,1,本平臺營運窗口
47761,1,本平臺營運窗口
47760,1,本平臺營運窗口
47758,1,本平臺營運窗口
47757,1,本平臺營運窗口
47756,1,本平臺營運窗口
47755,1,本平臺營運窗口
47754,1,本平臺營運窗口
47753,1,本平臺營運窗口
47752,1,本平臺營運窗口
47751,1,本平臺營運窗口
47750,1,本平臺營運窗口
47749,1,本平臺營運窗口
47748,1,本平臺營運窗口
47747,1,本平臺營運窗口
47746,1,本平臺營運窗口
47745,1,本平臺營運窗口
47744,1,本平臺營運窗口
47743,1,本平臺營運窗口
47742,1,本平臺營運窗口
47739,1,本平臺營運窗口
47738,1,本平臺營運窗口
47737,1,本平臺營運窗口
47736,1,本平臺營運窗口
47735,1,本平臺營運窗口
47734,1,本平臺營運窗口
47733,1,本平臺營運窗口
47732,1,本平臺營運窗口
47731,1,本平臺營運窗口
47730,1,本平臺營運窗口
47729,1,本平臺營運窗口
47728,1,本平臺營運窗口
47727,1,本平臺營運窗口
47726,1,本平臺營運窗口
47725,1,本平臺營運窗口
47724,1,本平臺營運窗口
47723,1,本平臺營運窗口
47722,1,本平臺營運窗口
47721,1,本平臺營運窗口
47720,1,本平臺營運窗口
47719,1,本平臺營運窗口
47717,1,本平臺營運窗口
47716,1,本平臺營運窗口
47715,1,本平臺營運窗口
47714,1,本平臺營運窗口
47713,1,本平臺營運窗口
47712,1,本平臺營運窗口
47711,1,本平臺營運窗口
47710,1,本平臺營運窗口
47709,1,本平臺營運窗口
47708,1,本平臺營運窗口
47707,1,本平臺營運窗口
47706,1,本平臺營運窗口
47705,1,本平臺營運窗口
47660,1,教育部
47636,9,基隆市政府,屏東縣政府,桃園市政府,臺北市政府,臺東縣政府,花蓮縣政府,苗栗縣政府,雲林縣政府,臺南市政府
47612,1,法務部
47591,1,內政部
47391,1,行政院人事行政總處
47331,1,行政院主計總處
46649,1,本平臺營運窗口
46560,1,衛生福利部
46559,1,教育部
46558,1,教育部
46557,1,國防部
46556,1,教育部
46555,1,教育部
46554,1,教育部
46553,1,教育部
46552,1,交通部
46551,1,經濟部
46550,1,經濟部
46549,1,金融監督管理委員會
46548,1,金融監督管理委員會
46547,1,中央銀行
46546,1,金融監督管理委員會
46545,1,金融監督管理委員會
46544,1,台灣電力股份有限公司
46543,9,嘉義市政府,基隆市政府,宜蘭縣政府,臺北市政府,臺東縣政府,花蓮縣政府,苗栗縣政府,雲林縣政府,臺南市政府
46514,10,嘉義市政府,基隆市政府,屏東縣政府,臺中市政府,臺北市政府,臺東縣政府,花蓮縣政府,苗栗縣政府,雲林縣政府,臺南市政府
46513,9,嘉義市政府,基隆市政府,臺北市政府,臺東縣政府,花蓮縣政府,苗栗縣政府,雲林縣政府,交通部,臺南市政府
46512,1,交通部
46510,1,交通部
46509,1,行政院環境保護署
46508,9,嘉義市政府,基隆市政府,臺北市政府,臺東縣政府,花蓮縣政府,苗栗縣政府,雲林縣政府,交通部,臺南市政府
46507,1,行政院環境保護署
46506,1,行政院環境保護署
46505,1,行政院環境保護署
46504,1,行政院環境保護署
46503,1,行政院環境保護署
46502,1,行政院環境保護署
46501,1,行政院環境保護署
46500,1,行政院農業委員會
46499,1,經濟部
46498,1,台灣電力股份有限公司
46497,9,嘉義市政府,基隆市政府,宜蘭縣政府,屏東縣政府,臺北市政府,花蓮縣政府,苗栗縣政府,雲林縣政府,臺南市政府
46496,1,行政院原子能委員會
46495,1,行政院農業委員會
46494,9,嘉義市政府,基隆市政府,屏東縣政府,臺北市政府,臺東縣政府,花蓮縣政府,苗栗縣政府,雲林縣政府,臺南市政府
46493,1,行政院農業委員會
46492,1,經濟部
46491,1,行政院環境保護署
46489,1,行政院環境保護署
46488,1,行政院環境保護署
46487,1,行政院環境保護署
46486,1,行政院農業委員會
46485,1,行政院農業委員會
46484,1,行政院農業委員會
46483,1,經濟部
46482,1,經濟部
46478,1,行政院環境保護署
46477,2,經濟部,行政院農業委員會
46476,1,經濟部
46451,1,財政部
46229,1,交通部
46223,1,衛生福利部
46222,1,經濟部
46221,1,教育部
46220,1,教育部
46219,9,嘉義市政府,基隆市政府,屏東縣政府,臺北市政府,臺東縣政府,花蓮縣政府,苗栗縣政府,雲林縣政府,臺南市政府
46218,9,嘉義市政府,基隆市政府,屏東縣政府,臺北市政府,臺東縣政府,花蓮縣政府,苗栗縣政府,雲林縣政府,臺南市政府
46217,1,教育部
46216,1,教育部
46215,1,教育部
46213,1,教育部
46212,1,教育部
46211,1,教育部
46210,1,教育部
46209,1,教育部
46208,1,教育部
46203,1,衛生福利部
46202,1,經濟部
46200,1,行政院主計總處
46199,2,經濟部,衛生福利部
46198,1,衛生福利部
46197,1,教育部
46196,1,行政院主計總處
46195,7,嘉義市政府,基隆市政府,宜蘭縣政府,花蓮縣政府,苗栗縣政府,雲林縣政府,臺南市政府
46194,9,嘉義市政府,基隆市政府,屏東縣政府,臺北市政府,臺東縣政府,花蓮縣政府,苗栗縣政府,雲林縣政府,臺南市政府
46193,1,財政部
46192,1,本平臺營運窗口
46191,1,交通部
46190,1,財政部
46157,1,本平臺營運窗口
46154,1,行政院環境保護署
46113,1,經濟部
46081,1,行政院農業委員會
46048,6,嘉義市政府,屏東縣政府,臺中市政府,臺北市政府,花蓮縣政府,苗栗縣政府
46046,1,經濟部
46031,1,本平臺營運窗口
45964,1,行政院環境保護署
45945,1,衛生福利部
45939,1,衛生福利部
45924,1,交通部
45922,1,臺北市政府
45878,1,交通部
45877,1,交通部
45876,1,內政部
45796,1,銓敘部
45712,1,勞動部
45692,1,立法院
45691,1,行政院環境保護署
45684,1,內政部
45673,1,司法院
45671,1,行政院農業委員會
45637,1,司法院
45604,1,臺南市政府
45543,1,法務部
45516,1,衛生福利部
45500,1,財政部
45492,1,司法院
45322,1,法務部
45255,1,財政部
45229,1,交通部
45228,1,臺北市政府
45201,1,金融監督管理委員會
45112,1,行政院農業委員會
45096,1,行政院農業委員會
45095,1,衛生福利部
45089,1,原住民族委員會
45024,1,台灣電力股份有限公司
44979,1,交通部
44978,1,內政部
44965,1,台灣電力股份有限公司
44959,1,財政部
44956,1,經濟部
44831,1,科技部
44804,1,交通部
44777,1,財政部
44772,1,國防部
44755,1,內政部
44747,1,本平臺營運窗口
44741,1,台灣電力股份有限公司
44740,1,內政部
44720,1,桃園市政府
44650,1,衛生福利部
44648,1,交通部
44633,1,衛生福利部
44626,1,經濟部
44238,1,金融監督管理委員會
44205,1,經濟部
44111,1,臺北市政府
44076,1,金融監督管理委員會
44075,1,內政部
44043,1,衛生福利部
44017,1,行政院農業委員會
44009,1,行政院農業委員會
43987,1,行政院農業委員會
43974,1,經濟部
43948,1,經濟部
43911,1,衛生福利部
43910,1,經濟部
43673,1,內政部
43589,1,行政院農業委員會
43586,1,經濟部
43542,1,交通部
43527,1,台灣電力股份有限公司
43469,1,內政部
43468,2,考選部,銓敘部
43461,1,內政部
43267,1,財政部
43209,1,本平臺營運窗口
43162,1,衛生福利部
43146,1,本平臺營運窗口
43141,1,教育部
43123,1,經濟部
42867,1,臺北市政府
42863,1,教育部
42766,1,金融監督管理委員會
42579,1,經濟部
42517,1,金融監督管理委員會
42510,1,臺北市政府
42379,1,勞動部
42333,1,國家通訊傳播委員會
42323,1,文化部
42114,1,台灣電力股份有限公司
42096,1,國家發展委員會
41863,1,臺中市政府
41724,1,內政部
41701,1,衛生福利部
41656,1,教育部
41611,1,行政院人事行政總處
41578,1,臺中市政府
41527,1,金融監督管理委員會
41414,1,交通部
41334,1,內政部
41328,1,經濟部
41305,1,內政部
40592,1,行政院主計總處
40588,1,行政院主計總處
40587,1,勞動部
40579,1,勞動部
40578,1,勞動部
40577,1,勞動部
40565,1,教育部
40564,1,教育部
40563,1,教育部
40562,1,教育部
40538,1,勞動部
40336,1,本平臺營運窗口
40335,1,臺中市政府
40263,1,本平臺營運窗口
40238,1,司法院
40146,1,桃園市政府
40051,1,法務部
40049,1,本平臺營運窗口
39602,1,財政部
39601,1,教育部
39600,1,行政院主計總處
39599,11,嘉義市政府,基隆市政府,屏東縣政府,桃園市政府,臺中市政府,臺北市政府,臺東縣政府,花蓮縣政府,苗栗縣政府,雲林縣政府,臺南市政府
39598,1,考選部
39597,1,教育部
39596,1,教育部
39595,13,嘉義市政府,基隆市政府,宜蘭縣政府,屏東縣政府,彰化縣政府,桃園市政府,澎湖縣政府,臺中市政府,臺東縣政府,花蓮縣政府,苗栗縣政府,雲林縣政府,臺南市政府
39594,1,經濟部
39593,1,經濟部
39592,1,行政院公共工程委員會
39590,1,行政院主計總處
39589,1,財政部
39587,1,本平臺營運窗口
39586,1,行政院農業委員會
39585,1,金融監督管理委員會
39514,1,金融監督管理委員會
39513,1,桃園市政府
39354,1,教育部
39343,1,教育部
39328,1,金融監督管理委員會
39074,1,行政院農業委員會
38956,1,內政部
38898,1,經濟部
38825,1,行政院公共工程委員會
38703,1,外交部
38702,1,財政部
38524,1,內政部
38500,3,經濟部能源局,台灣電力股份有限公司,經濟部
38445,1,交通部
38109,1,衛生福利部
37990,1,內政部
37988,1,行政院環境保護署
37987,1,行政院環境保護署
37985,1,行政院農業委員會
37962,1,行政院環境保護署
37832,1,法務部
37828,1,金融監督管理委員會
37714,3,經濟部能源局,台灣電力股份有限公司,經濟部
37708,1,財政部
37707,1,財政部
37694,1,經濟部
37677,1,財政部
37640,1,內政部
37628,1,衛生福利部
37571,1,交通部
37550,1,行政院環境保護署
37549,1,國防部
37510,3,臺北市政府,花蓮縣政府,苗栗縣政府
37456,1,交通部
37409,3,經濟部能源局,台灣電力股份有限公司,經濟部
37339,2,台灣電力股份有限公司,經濟部
37334,2,本平臺營運窗口,國家發展委員會
37318,3,臺中市政府,臺北市政府,苗栗縣政府
37293,2,臺東縣政府,花蓮縣政府
37275,1,國家發展委員會
37250,1,臺南市政府
37247,1,內政部
37246,1,內政部
37244,1,內政部
37243,1,交通部
37241,1,國家發展委員會
37232,1,財政部
36966,1,經濟部
36952,1,內政部
36951,1,交通部
36815,3,經濟部能源局,台灣電力股份有限公司,經濟部
36806,1,交通部
36804,3,經濟部能源局,台灣電力股份有限公司,經濟部
36708,1,內政部
36619,1,司法院
36617,1,國家發展委員會
36362,1,交通部
36303,1,本平臺營運窗口
36241,1,本平臺營運窗口
35650,3,經濟部能源局,台灣電力股份有限公司,經濟部
35603,1,臺中市政府
35602,1,行政院農業委員會
35411,1,國家發展委員會
35410,1,國家通訊傳播委員會
35338,1,勞動部
35337,1,內政部
35268,1,總統府
35267,1,本平臺營運窗口
35257,1,法務部
34305,1,彰化縣政府
34085,1,勞動部
33915,1,經濟部
33879,1,桃園市政府
33805,1,經濟部
33779,1,法務部
33778,1,教育部
33729,1,經濟部
33708,1,行政院環境保護署
33706,1,本平臺營運窗口
33705,1,本平臺營運窗口
33701,1,本平臺營運窗口
33674,1,財政部
33658,1,交通部
33624,1,內政部
33598,1,內政部
33593,3,經濟部能源局,台灣電力股份有限公司,經濟部
33579,1,國家發展委員會
33550,1,行政院主計總處
33548,1,交通部
33542,1,行政院環境保護署
33478,1,交通部
33461,1,交通部
33395,2,台灣電力股份有限公司,經濟部
33349,1,行政院主計總處
33348,1,外交部
33332,3,經濟部能源局,台灣電力股份有限公司,經濟部
33331,1,經濟部
33328,2,交通部,行政院環境保護署
33213,1,本平臺營運窗口
33212,1,本平臺營運窗口
33186,1,行政院環境保護署
33176,3,經濟部能源局,台灣電力股份有限公司,經濟部
33108,1,勞動部
33097,1,金融監督管理委員會
33095,1,行政院原子能委員會
33094,1,行政院原子能委員會
33093,1,行政院原子能委員會
33092,3,經濟部能源局,台灣電力股份有限公司,經濟部
33091,1,勞動部
33022,1,本平臺營運窗口
33002,1,交通部
32989,3,經濟部能源局,台灣電力股份有限公司,經濟部
32984,1,本平臺營運窗口
32983,1,臺中市政府
32982,3,經濟部能源局,台灣電力股份有限公司,經濟部
32981,1,台灣電力股份有限公司
32980,3,經濟部能源局,台灣電力股份有限公司,經濟部
32979,1,台灣電力股份有限公司
32978,1,衛生福利部
32961,1,內政部
32952,1,國家發展委員會
32895,1,臺中市政府
32893,1,國家發展委員會
32845,1,勞動部
32831,1,臺中市政府
32819,3,經濟部能源局,台灣電力股份有限公司,經濟部
32818,3,經濟部能源局,台灣電力股份有限公司,經濟部
32817,3,經濟部能源局,台灣電力股份有限公司,經濟部
32816,3,經濟部能源局,台灣電力股份有限公司,經濟部
32815,3,經濟部能源局,台灣電力股份有限公司,經濟部
32814,3,經濟部能源局,台灣電力股份有限公司,經濟部
32813,3,經濟部能源局,台灣電力股份有限公司,經濟部
32812,3,經濟部能源局,台灣電力股份有限公司,經濟部
32811,3,經濟部能源局,台灣電力股份有限公司,經濟部
32810,3,經濟部能源局,台灣電力股份有限公司,經濟部
32809,3,經濟部能源局,台灣電力股份有限公司,經濟部
32808,3,經濟部能源局,台灣電力股份有限公司,經濟部
32807,3,經濟部能源局,台灣電力股份有限公司,經濟部
32806,3,經濟部能源局,台灣電力股份有限公司,經濟部
32805,3,經濟部能源局,台灣電力股份有限公司,經濟部
32804,3,經濟部能源局,台灣電力股份有限公司,經濟部
32803,3,經濟部能源局,台灣電力股份有限公司,經濟部
32802,3,經濟部能源局,台灣電力股份有限公司,經濟部
32801,3,經濟部能源局,台灣電力股份有限公司,經濟部
32800,3,經濟部能源局,台灣電力股份有限公司,經濟部
32799,3,經濟部能源局,台灣電力股份有限公司,經濟部
32798,3,經濟部能源局,台灣電力股份有限公司,經濟部
32797,3,經濟部能源局,台灣電力股份有限公司,經濟部
32796,3,經濟部能源局,台灣電力股份有限公司,經濟部
32795,3,經濟部能源局,台灣電力股份有限公司,經濟部
32794,3,經濟部能源局,台灣電力股份有限公司,經濟部
32793,3,經濟部能源局,台灣電力股份有限公司,經濟部
32792,3,經濟部能源局,台灣電力股份有限公司,經濟部
32791,3,經濟部能源局,台灣電力股份有限公司,經濟部
32790,3,經濟部能源局,台灣電力股份有限公司,經濟部
32789,3,經濟部能源局,台灣電力股份有限公司,經濟部
32788,3,經濟部能源局,台灣電力股份有限公司,經濟部
32787,3,經濟部能源局,台灣電力股份有限公司,經濟部
32786,3,經濟部能源局,台灣電力股份有限公司,經濟部
32785,3,經濟部能源局,台灣電力股份有限公司,經濟部
32784,3,經濟部能源局,台灣電力股份有限公司,經濟部
32783,3,經濟部能源局,台灣電力股份有限公司,經濟部
32782,3,經濟部能源局,台灣電力股份有限公司,經濟部
32781,3,經濟部能源局,台灣電力股份有限公司,經濟部
32780,3,經濟部能源局,台灣電力股份有限公司,經濟部
32778,3,經濟部能源局,台灣電力股份有限公司,經濟部
32776,3,經濟部能源局,台灣電力股份有限公司,經濟部
32773,3,經濟部能源局,台灣電力股份有限公司,經濟部
32772,3,經濟部能源局,台灣電力股份有限公司,經濟部
32771,3,經濟部能源局,台灣電力股份有限公司,經濟部
32770,3,經濟部能源局,台灣電力股份有限公司,經濟部
32769,3,經濟部能源局,台灣電力股份有限公司,經濟部
32768,3,經濟部能源局,台灣電力股份有限公司,經濟部
32767,3,經濟部能源局,台灣電力股份有限公司,經濟部
32705,1,衛生福利部
32698,1,經濟部
32411,1,交通部
32375,1,財政部
32348,1,內政部
32342,1,行政院公共工程委員會
32341,1,行政院公共工程委員會
32304,1,本平臺營運窗口
32201,1,臺中市政府
32200,1,內政部
32145,1,交通部
32128,1,交通部
32041,1,交通部
32023,1,交通部
31892,1,臺中市政府
31851,1,本平臺營運窗口
31808,1,行政院農業委員會
31785,1,本平臺營運窗口
31652,1,本平臺營運窗口
31637,1,交通部
31636,1,金融監督管理委員會
31629,1,行政院主計總處
31628,1,行政院主計總處
31598,1,行政院農業委員會
31597,1,交通部
31575,1,行政院農業委員會
31518,1,內政部
31470,1,交通部
31401,1,交通部
31306,1,經濟部
31174,1,財政部
31172,1,交通部
31171,1,交通部
31157,1,交通部
31102,1,臺北市政府
30959,1,內政部
30851,1,行政院環境保護署
30842,1,交通部
30818,1,金融監督管理委員會
30676,1,行政院公共工程委員會
30484,1,文化部
30395,1,交通部
30363,1,本平臺營運窗口
30306,1,內政部
30277,1,衛生福利部
30276,1,金融監督管理委員會
29761,1,內政部
29201,1,行政院環境保護署
29088,1,本平臺營運窗口
29067,1,衛生福利部
28973,1,本平臺營運窗口
28878,1,國家發展委員會
28838,1,行政院公共工程委員會
28815,1,本平臺營運窗口
28757,1,交通部
28756,1,本平臺營運窗口
28755,1,教育部
28626,1,交通部
28501,1,衛生福利部
28389,1,國家發展委員會
28346,1,教育部
28332,1,金融監督管理委員會
28244,1,交通部
28134,1,交通部
27997,1,經濟部
27821,1,經濟部
27810,1,本平臺營運窗口
27756,1,內政部
27718,1,衛生福利部
27651,1,中央選舉委員會
27633,1,交通部
27632,1,交通部
27586,1,金融監督管理委員會
27476,1,教育部
27474,1,本平臺營運窗口
27386,1,衛生福利部
27319,1,行政院公共工程委員會
27313,1,教育部
27312,1,內政部
27092,1,內政部
27091,1,行政院農業委員會
27090,1,交通部
27088,1,交通部
27085,1,交通部
26976,1,經濟部
26961,1,經濟部
26879,1,本平臺營運窗口
26851,1,內政部
26800,1,內政部
26424,1,行政院主計總處
26328,1,本平臺營運窗口
26266,1,交通部
26242,1,金融監督管理委員會
26222,1,教育部
26200,1,行政院農業委員會
26197,1,教育部
26174,1,本平臺營運窗口
26165,12,嘉義市政府,基隆市政府,宜蘭縣政府,屏東縣政府,彰化縣政府,本平臺營運窗口,桃園市政府,澎湖縣政府,臺東縣政府,花蓮縣政府,苗栗縣政府,臺南市政府
25872,1,教育部
25870,1,財政部
25828,1,教育部
25697,1,內政部
25692,1,衛生福利部
25669,1,金融監督管理委員會
25538,1,教育部
25523,1,行政院農業委員會
25491,1,財政部
25487,1,經濟部
25444,1,內政部
25351,1,行政院環境保護署
25307,1,交通部
25280,1,衛生福利部
25220,1,中央選舉委員會
25211,1,金融監督管理委員會
25185,1,財政部
25130,1,金融監督管理委員會
25083,1,勞動部
25016,1,衛生福利部
25015,1,教育部
25014,1,教育部
25013,1,國防部
25012,1,教育部
25011,1,教育部
25010,1,教育部
25009,1,教育部
25008,1,交通部
25007,1,經濟部
24975,1,經濟部
24971,5,本平臺營運窗口,經濟部,交通部,行政院環境保護署,國家通訊傳播委員會
24910,1,本平臺營運窗口
24753,1,內政部
24741,1,衛生福利部
24722,2,考選部,行政院人事行政總處
24681,1,交通部
24678,1,行政院農業委員會
24677,1,行政院環境保護署
24676,1,行政院農業委員會
24675,1,經濟部
24672,1,行政院農業委員會
24671,1,衛生福利部
24667,1,經濟部
24552,1,原住民族委員會
24518,1,屏東縣政府
24514,1,衛生福利部
24490,1,經濟部
24425,1,經濟部
24381,1,衛生福利部
24212,1,本平臺營運窗口
24170,1,內政部
24160,1,本平臺營運窗口
24142,1,本平臺營運窗口
24134,1,本平臺營運窗口
24064,1,本平臺營運窗口
24045,1,本平臺營運窗口
24044,1,行政院農業委員會
23856,1,司法院
23773,1,金融監督管理委員會
23024,1,財政部
22953,1,財政部
22366,1,行政院農業委員會
22362,1,金融監督管理委員會
22087,1,行政院農業委員會
21820,1,經濟部
21760,1,內政部
21731,1,內政部
21721,1,內政部
21242,1,行政院人事行政總處
20992,1,司法院
20856,1,交通部
20698,1,內政部
20481,11,嘉義市政府,基隆市政府,屏東縣政府,彰化縣政府,桃園市政府,澎湖縣政府,臺東縣政府,花蓮縣政府,苗栗縣政府,雲林縣政府,臺南市政府
20479,1,國防部
20478,1,中央選舉委員會
20307,1,經濟部
20286,1,教育部
20285,1,經濟部
19926,1,金融監督管理委員會
19920,1,本平臺營運窗口
18834,1,金融監督管理委員會
18767,1,內政部
18210,1,司法院
17484,13,嘉義市政府,基隆市政府,宜蘭縣政府,屏東縣政府,彰化縣政府,本平臺營運窗口,桃園市政府,澎湖縣政府,臺東縣政府,花蓮縣政府,苗栗縣政府,雲林縣政府,臺南市政府
17309,1,交通部
17292,1,經濟部
17291,1,國家通訊傳播委員會
17290,1,文化部
17289,11,嘉義市政府,基隆市政府,屏東縣政府,彰化縣政府,桃園市政府,澎湖縣政府,臺東縣政府,花蓮縣政府,苗栗縣政府,雲林縣政府,臺南市政府
17288,1,經濟部
17287,1,司法院
17286,0
17285,1,交通部
17284,1,教育部
17282,1,衛生福利部
17281,1,本平臺營運窗口
17280,1,金融監督管理委員會
17279,1,衛生福利部
17232,11,嘉義市政府,基隆市政府,屏東縣政府,彰化縣政府,桃園市政府,澎湖縣政府,臺東縣政府,花蓮縣政府,苗栗縣政府,雲林縣政府,臺南市政府
17179,1,衛生福利部
17178,1,衛生福利部
17177,1,衛生福利部
17176,1,衛生福利部
17124,1,衛生福利部
17039,1,本平臺營運窗口
16440,1,內政部
16298,1,行政院環境保護署
16297,1,行政院環境保護署
16296,1,行政院環境保護署
15864,2,交通部,行政院環境保護署
15796,1,經濟部
15774,1,勞動部
15698,1,衛生福利部
15682,0
15680,0
15678,0
15664,1,經濟部
15648,1,財政部
15590,1,內政部
15584,1,本平臺營運窗口
15583,1,衛生福利部
15489,1,勞動部
15428,1,金融監督管理委員會
15397,1,法務部
15395,1,經濟部
15282,1,行政院環境保護署
15260,1,中央選舉委員會
15204,1,教育部
14905,3,財政部,經濟部,行政院農業委員會
14833,1,衛生福利部
14651,1,衛生福利部
14426,1,經濟部
14316,2,法務部,衛生福利部
14245,1,金融監督管理委員會
14154,1,衛生福利部
14072,1,金融監督管理委員會
13931,1,教育部
13860,1,衛生福利部
13801,1,經濟部
13765,1,行政院農業委員會
13762,2,內政部,交通部
13734,1,交通部
13701,1,內政部
13625,1,本平臺營運窗口
13416,1,本平臺營運窗口
13254,1,經濟部
13142,3,內政部,交通部,行政院農業委員會
13075,1,行政院環境保護署
12511,1,衛生福利部
12489,1,衛生福利部
12488,1,衛生福利部
12139,1,內政部
12085,1,國家發展委員會
12084,1,經濟部
12075,1,勞動部
12057,1,內政部
12056,1,勞動部
12054,1,經濟部
12032,1,經濟部
11996,1,科技部
10860,1,國家發展委員會
10342,1,本平臺營運窗口
10232,1,財政部
10086,1,科技部
10072,1,內政部
10070,1,行政院人事行政總處
10028,1,國家發展委員會
10024,1,本平臺營運窗口
10023,1,經濟部
10022,1,內政部
10021,1,交通部
10020,1,交通部
10019,1,本平臺營運窗口
10018,1,本平臺營運窗口
10017,1,本平臺營運窗口
10016,1,交通部
10015,1,內政部
10014,1,衛生福利部
10013,1,本平臺營運窗口
10012,1,交通部
10011,1,本平臺營運窗口
10010,1,本平臺營運窗口
10009,1,本平臺營運窗口
10007,1,立法院
10004,1,教育部
9987,1,教育部
9986,2,交通部,行政院環境保護署
9985,1,內政部
9981,1,內政部
9980,1,內政部
9979,1,內政部
9978,1,經濟部
9977,1,行政院環境保護署
9976,2,內政部,經濟部
9975,1,交通部
9971,1,教育部
9969,1,教育部
9935,1,內政部
9763,1,勞動部
9691,1,立法院
9648,1,行政院農業委員會
9613,1,經濟部
9556,2,司法院,法務部
9549,1,屏東縣政府
9541,1,內政部
9540,1,內政部
9515,1,內政部
9444,1,國家發展委員會
9398,1,財政部
9396,1,財政部
9395,1,內政部
9376,1,國家發展委員會
9366,1,中央選舉委員會
9333,1,中央選舉委員會
9330,1,法務部
9329,1,行政院公共工程委員會
9326,1,經濟部
9310,1,內政部
9159,1,行政院人事行政總處
9069,1,經濟部
8982,1,勞動部
8974,1,財政部
8852,3,內政部,衛生福利部,行政院環境保護署
8823,1,內政部
8816,2,內政部,交通部
8686,1,內政部
8645,1,交通部
8579,1,衛生福利部
8503,1,衛生福利部
8502,1,經濟部
8488,0
8466,1,經濟部
8445,1,內政部
8444,1,內政部
8443,1,交通部
8442,1,內政部
8437,1,衛生福利部
8434,1,科技部
8433,1,中央選舉委員會
8432,1,立法院
8394,1,內政部
8377,1,行政院人事行政總處
8364,1,衛生福利部
8363,1,經濟部
8362,1,經濟部
8347,2,教育部,行政院人事行政總處
8346,1,行政院農業委員會
8342,1,交通部
8311,1,文化部
8261,1,經濟部
8211,1,內政部
8188,1,財政部
8179,1,行政院環境保護署
8153,11,嘉義市政府,基隆市政府,屏東縣政府,彰化縣政府,桃園市政府,澎湖縣政府,臺東縣政府,花蓮縣政府,苗栗縣政府,雲林縣政府,臺南市政府
8126,1,衛生福利部
8123,1,衛生福利部
8110,1,總統府
8104,1,國家發展委員會
8102,1,經濟部
8101,1,行政院人事行政總處
8098,1,教育部
8090,1,財政部
8086,2,行政院主計總處,國家發展委員會
8082,1,衛生福利部
8079,2,總統府,行政院
8078,2,總統府,行政院
8076,1,總統府
8071,1,衛生福利部
8070,1,本平臺營運窗口
8069,1,教育部
8068,0
8058,2,經濟部,衛生福利部
8057,1,經濟部
8056,1,內政部
8055,2,經濟部,衛生福利部
8054,1,經濟部
8053,1,衛生福利部
8038,1,內政部
8037,1,交通部
8035,1,衛生福利部
8034,1,國家發展委員會
8033,1,外交部
8031,1,經濟部
8030,11,嘉義市政府,基隆市政府,屏東縣政府,彰化縣政府,桃園市政府,澎湖縣政府,臺東縣政府,花蓮縣政府,苗栗縣政府,雲林縣政府,臺南市政府
8029,1,教育部
8028,1,交通部
8027,1,內政部
8026,1,內政部
8025,1,內政部
8024,1,衛生福利部
8023,1,經濟部
8022,1,經濟部
